[
  {
    "id": "1e02d730-94d3-4a3f-8c1d-6a689ac8e137",
    "nombre": "Juan",
    "apellido": "Pérez",
    "cui": 20345678901,
    "empresa": "Tractor Solutions",
    "telefono": 1112345678,
    "email": "juan.perez@tractorsolutions.com",
    "direccion": "Av. Siempre Viva 742",
    "ciudad": "Buenos Aires",
    "pais": "Argentina",
    "servicioOfrecido": "Venta de Tractores",
    "servicioRequerido": "Repuestos",
    "capacidadOperativa": "100 tractores disponibles"
  },
  {
    "id": "b3a2c857-62f4-4b12-931d-9f2f847e2d32",
    "nombre": "Luiss",
    "apellido": "Martínez",
    "cui": 20345678902,
    "empresa": "Tractor Agro",
    "telefono": 1156789012,
    "email": "luis.martinez@tractoragro.com",
    "direccion": "Ruta Nacional 9 km 52",
    "ciudad": "Córdoba",
    "pais": "Argentina",
    "servicioOfrecido": "Alquiler de Tractores",
    "servicioRequerido": "Reparación",
    "capacidadOperativa": "50 tractores disponibles"
  },
  {
    "id": "1728344630882",
    "nombre": "Mario ",
    "apellido": "Villarreal ",
    "email": "solomsv@yahoo.com.ar",
    "telefono": "0298315464751",
    "empresa": "agricoles",
    "ciudad": "San Cayetano"
  },
  {
    "id": "1728344667247",
    "nombre": "ema",
    "apellido": "carratu",
    "email": "solomsv@yahoo.com.ar",
    "telefono": "0298315464751",
    "empresa": "agrolist",
    "ciudad": "San Cayetano"
  }
]